{
  "Обзор Kotlin": [
    "multiplatform",
    "server-overview",
    "android-overview",
    "js-overview",
    "native-overview",
    "competitive-programming"
  ],
  "Введение": [
    "basic-syntax",
    "idioms",
    "coding-conventions"
  ],
  "Основы": [
    "basic-types",
    "typecasts",
    "packages",
    "null-safety",
    "equality",
    "this-expressions",
    "async-programming",
    "coroutines-overview",
    "annotations",
    "destructuring-declarations",
    "reflection"
  ],
  "Управление потоком": [
    "control-flow",
    "returns",
    "exceptions"
  ],
  "Классы и объекты": [
    "classes",
    "inheritance",
    "properties",
    "interfaces",
    "fun-interfaces",
    "visibility-modifiers",
    "extensions",
    "data-classes",
    "sealed-classes",
    "generics",
    "nested-classes",
    "enum-classes",
    "inline-classes",
    "object-declarations",
    "delegation",
    "delegated-properties",
    "type-aliases"
  ],
  "Функции и лямбды": [
    "functions",
    "lambdas",
    "inline-functions",
    "operator-overloading",
    "type-safe-builders",
    "using-builders-with-builder-inference"
  ],
  "Мультиплатформенное программирование": [
    "mpp-dsl-reference"
    ],
  "Коллекции": [
    "collections-overview",
    "constructing-collections",
    "iterators",
    "ranges",
    "sequences",
    "collection-operations",
    "collection-transformations",
    "collection-filtering",
    "collection-plus-minus",
    "collection-grouping",
    "collection-parts",
    "collection-elements",
    "collection-ordering",
    "collection-aggregate",
    "collection-write",
    "list-operations",
    "set-operations",
    "map-operations"
  ],
  "Корутины (kotlinx.coroutines)": [
    "coroutines-guide",
    "coroutines-basics",
    "cancellation-and-timeouts"
  ],
  "Прочее": [
    "scope-functions"
  ],
  "Справочник": [
    "keyword-reference"
  ],
  "Инструменты": [
    "kotlin-doc",
    "kapt",
    "maven",
    "ant",
    "kotlin-osgi",
    "all-open-plugin",
    "gradle"
  ],
  "Совместимость с Java": [
    "java-interop",
    "java-to-kotlin-interop"
  ],
  "Javascript": [
    "dynamic-type"
  ],
  "ЧаВо": [
    "faq",
    "comparison-to-java"
  ],
  "Редактору": [
    "how-to-edit",
    "add-new-article",
    "/contributors|Участники"
  ]
}
