{
  "project_info": {
    "project_number": "61028365473",
    "project_id": "weatherapp-26da1",
    "storage_bucket": "weatherapp-26da1.appspot.com"
  },
  "client": [
    {
      "client_info": {
        "mobilesdk_app_id": "1:61028365473:android:c33668388865ab6e142ce0",
        "android_client_info": {
          "package_name": "ru.mmn.weatherapp"
        }
      },
      "oauth_client": [
        {
          "client_id": "61028365473-bs77b284mmc2v8ge5apqdt5pbpghf9lh.apps.googleusercontent.com",
          "client_type": 3
        }
      ],
      "api_key": [
        {
          "current_key": "AIzaSyAjBPKQQSPTBMft3SgU8g7aDQoFkH2q3c0"
        }
      ],
      "services": {
        "appinvite_service": {
          "other_platform_oauth_client": [
            {
              "client_id": "61028365473-bs77b284mmc2v8ge5apqdt5pbpghf9lh.apps.googleusercontent.com",
              "client_type": 3
            }
          ]
        }
      }
    }
  ],
  "configuration_version": "1"
}